,filename,jitter,shimmer,HNR,nVB,perVB,med,mean,std,min,max,twenty_five,seventy_five,total_duration,speech_duration,speaking_rate,articulation_rate,npause,asd,phon_ratio,pause_dur,PCT,PCC,PCV,vowel_space,VAI,FCR,F2,0,1,2,3,4,5,6,7,8,9,10,11,12
0,test1_210930_3_para1,2.36,12.75,10.91,14,21.45,186.86,211.87,98.72,51.32,624.82,119.09,405.84,6.68,6.68,6.29,6.29,0,0.16,1.0,0.0,87.69,85.0,92.0,22528.45,0.59,1.7,1.1,-652.567017,180.952225,-12.637395,24.824978,37.580936,-12.892308,6.184769,13.851932999999999,-5.903883,7.180189,5.237826999999999,-4.289868,9.698236
